subject_id,rest_metabolic_power_Wkg,run_metabolic_power_Wkg,net_metabolic_power_Wkg,speed_m_per_s
P01,1.7460212039999998,9.58539948,7.839378276,3.0
P02,1.2556719104999998,8.289532545,7.0338606345,2.8
