,coefficient,CI_lower,CI_upper,p_value
const,1.8322633105080577,0.21502973318253704,3.449496887833578,0.029344219498077976
net_metabolic_power_Wkg,0.17959460586130838,-0.02563691382125108,0.38482612554386786,0.0811889696994784
